ДО 20 КМ ОТ МКАД,,,,,,,,,,,,,
,Вес (кг),до 100,до 500,до 1 000,до 1250,до 1 500,до 2 000,до 2 500,до 3 000,до 5 000,до 7 000,до 10 000,до 20 000
,Объем (м3),"до 0,5",до 2,до 4,до 6,до 8,до 12,до 14,до 16,до 30,до 35,до 40,до 86
Автоэкспедирование по городу город Москва,руб,1350,2300,3200,3800,3900,5600,7000,7500,8900,15000,15500,23000
Выезд за пределы города (МКАД) 1-10 км,руб/км,23,24,25,27,27,27,33,33,44,53,53,70
Выезд за пределы города (МКАД) 11-20 км,руб/км,29,31,32,35,35,35,43,43,57,69,69,91
Выезд за пределы города (МКАД) 21-30 км,руб/км,38,40,41,45,45,45,56,56,74,89,89,118
Выезд за пределы города (МКАД) 31-40 км,руб/км,50,52,53,59,59,59,73,73,96,116,116,153
Выезд за пределы города (МКАД) от 41,руб/км,75,78,80,89,89,89,110,110,144,174,174,230
Нормативное время погрузки/выгрузки,минуты,30,30,45,45,45,60,60,60,90,120,120,120
Сверхнормативное время погрузки,час,700,700,700,700,700,1000,1000,1000,1500,1800,2000,2200
,,,,,,,,,,,,,
,Вес (кг),до 100,до 500,до 1 000,до 1250,до 1 500,до 2 000,до 2 500,до 3 000,до 5 000,до 7 000,до 10 000,до 20 000
,Объем (м3),"до 0,5",до 2,до 4,до 6,до 8,до 12,до 14,до 16,до 30,до 35,до 40,до 86
Автоэкспедирование по городу город Калининград,руб,800,1250,1850,2200,2450,3100,3600,4800,6500,7500,12500,23000
Выезд за пределы города (КАД),руб/км,22,22,22,28,28,28,33,33,35,53,53,70
Нормативное время погрузки/выгрузки,минуты,30,30,45,45,45,60,60,60,90,120,120,120
Сверхнормативное время погрузки,час,700,700,700,700,700,1000,1000,1000,1500,1800,2000,2200